"previousstatus","currentstatus","startdate","enddate","supportprojectstatuslog2supportproject","changetype"
1,3,"2018-09-08","2018-09-27",18,0
1,3,"2018-07-04","2018-07-26",18,0
1,3,"2018-07-26","2018-09-08",18,0
4,5,"2018-09-27","2019-01-30",18,0
6,8,"2019-01-30",NULL,18,0
1,3,"2018-08-06","2018-09-14",19,0
1,3,"2018-09-14","2018-09-14",19,0
4,5,"2018-09-14","2018-09-27",19,0
4,5,"2018-09-27","2019-01-25",19,0
4,5,"2018-09-14","2018-09-14",19,0
6,8,"2019-01-25",NULL,19,0
1,9,"2018-07-05","2018-07-05",21,1
7,10,"2020-02-21",NULL,21,0
9,7,"2018-07-05",NULL,21,0
1,9,"2018-07-04","2018-07-04",22,0
1,9,"2018-07-04","2018-07-04",22,0
1,9,"2018-07-04","2018-07-04",22,0
1,9,"2018-07-04","2018-07-04",22,0
1,9,"2018-07-04","2018-07-04",22,0
1,9,"2018-07-04","2018-07-04",22,0
1,9,"2018-07-04","2018-07-04",22,0
1,9,"2018-07-04","2018-07-04",22,0
1,9,"2018-07-04","2018-07-04",22,0
1,9,"2018-07-04","2018-07-04",22,0
1,9,"2018-07-04","2018-07-04",22,0
1,9,"2018-07-04","2018-07-19",22,0
1,9,"2018-07-19","2018-07-19",22,0
1,9,"2018-07-19","2018-07-25",22,0
1,9,"2018-07-04","2018-07-04",22,0
1,9,"2018-07-25","2018-07-25",22,1
9,7,"2018-07-25",NULL,22,0
1,3,"2018-07-06","2018-07-06",23,0
1,3,"2018-07-06","2018-07-06",23,0
1,3,"2018-07-06","2018-07-06",23,0
1,3,"2018-07-06","2018-07-06",23,0
1,3,"2018-07-06","2018-07-06",23,0
1,3,"2018-07-06","2018-09-04",23,0
3,4,"2018-09-04","2018-11-05",23,0
3,4,"2018-11-05","2019-07-02",23,0
4,6,"2019-07-02",NULL,23,0
1,3,"2018-07-06","2018-07-06",24,0
1,3,"2018-07-06","2018-07-06",24,0
1,3,"2018-07-06","2018-07-06",24,0
3,4,"2019-02-08",NULL,24,0
3,4,"2018-07-06","2018-09-04",24,0
3,4,"2018-09-04","2019-02-08",24,0
1,3,"2018-07-06","2018-09-04",25,0
3,4,"2018-09-04","2019-02-13",25,0
3,4,"2019-02-13",NULL,25,0
1,3,"2018-07-06","2019-01-11",26,0
3,4,"2019-01-11","2019-01-11",26,0
4,5,"2019-01-11",NULL,26,0
1,3,"2018-07-06","2018-07-06",27,0
3,4,"2019-02-12","2020-02-20",27,0
3,4,"2018-07-06","2019-02-12",27,0
4,6,"2020-02-20",NULL,27,0
1,3,"2018-07-06","2018-07-06",28,0
1,3,"2018-07-06","2019-02-13",28,0
3,4,"2019-02-13",NULL,28,0
1,3,"2018-09-04","2019-01-15",29,0
1,3,"2018-07-06","2018-09-04",29,0
1,3,"2018-09-04","2018-09-04",29,0
3,4,"2019-01-15","2019-04-04",29,0
4,6,"2019-04-04",NULL,29,0
1,3,"2018-09-04","2018-12-10",30,0
3,4,"2018-12-10","2018-12-10",30,0
4,5,"2018-12-11","2019-03-05",30,0
4,5,"2018-12-10","2018-12-10",30,0
4,5,"2018-12-10","2018-12-10",30,0
4,6,"2019-03-05","2019-03-05",30,0
4,5,"2018-12-10","2018-12-11",30,0
6,8,"2019-03-05",NULL,30,0
1,3,"2018-09-04","2018-11-05",31,0
3,4,"2018-11-05","2018-12-11",31,0
4,6,"2019-03-05","2019-03-05",31,0
4,5,"2018-12-12","2019-03-05",31,0
4,5,"2018-12-12","2018-12-12",31,0
4,5,"2018-12-11","2018-12-12",31,0
6,8,"2019-03-05",NULL,31,0
1,3,"2018-09-04","2018-12-12",32,0
3,9,"2018-12-12","2018-12-12",32,0
3,9,"2018-12-12","2018-12-12",32,0
3,9,"2018-12-12","2018-12-12",32,0
3,9,"2018-12-12","2018-12-12",32,0
3,9,"2018-12-12","2018-12-12",32,0
3,9,"2018-12-12","2018-12-12",32,0
3,9,"2018-12-12","2018-12-12",32,1
4,5,"2018-12-12","2019-03-05",32,0
4,5,"2018-12-12","2018-12-12",32,0
4,5,"2018-12-12","2018-12-12",32,0
4,5,"2018-12-12","2018-12-12",32,0
4,6,"2019-03-05","2019-03-05",32,0
6,8,"2019-03-05",NULL,32,0
9,3,"2018-12-12","2018-12-12",32,0
1,3,"2018-09-04","2019-02-13",33,0
3,9,"2019-02-13",NULL,33,1
1,3,"2018-09-04","2018-11-08",34,0
3,9,"2018-11-08",NULL,34,1
0,9,"2018-07-10","2018-07-18",35,0
0,9,"2018-07-18","2018-07-18",35,1
9,7,"2018-07-18",NULL,35,0
1,3,"2018-07-19","2018-07-19",36,0
1,3,"2018-07-19","2018-07-19",36,0
1,3,"2018-07-19","2018-07-19",36,0
1,3,"2018-07-19","2018-07-19",36,0
1,3,"2018-07-19","2018-07-19",36,0
1,3,"2018-07-19","2018-07-19",36,0
1,3,"2018-07-19","2018-07-19",36,0
1,3,"2018-07-19","2018-07-19",36,0
1,3,"2018-07-19","2018-07-19",36,0
4,5,"2018-07-19","2018-07-19",36,0
4,5,"2018-07-19","2018-07-19",36,0
4,5,"2018-07-19","2018-07-19",36,0
4,5,"2018-07-19","2018-07-19",36,0
6,8,"2018-07-19",NULL,36,0
1,3,"2018-08-09",NULL,38,0
1,3,"2018-08-29","2018-08-29",39,0
1,3,"2018-10-04","2018-10-04",39,0
1,3,"2018-10-04","2018-10-04",39,0
1,3,"2018-08-29","2018-10-04",39,0
1,3,"2018-08-29","2018-08-29",39,0
1,3,"2018-08-14","2018-08-29",39,0
1,3,"2018-08-14","2018-08-14",39,0
1,3,"2018-08-14","2018-08-14",39,0
1,3,"2018-08-14","2018-08-14",39,0
1,3,"2018-08-14","2018-08-14",39,0
1,3,"2018-08-14","2018-08-14",39,0
1,3,"2018-08-14","2018-08-14",39,0
1,3,"2018-08-14","2018-08-14",39,0
1,3,"2018-08-14","2018-08-14",39,0
1,3,"2018-08-13","2018-08-14",39,0
1,3,"2018-08-13","2018-08-13",39,0
1,3,"2018-08-13","2018-08-13",39,0
4,5,"2018-10-04",NULL,39,0
1,3,"2018-08-16","2018-08-16",40,0
1,3,"2018-08-16","2018-08-16",40,0
1,3,"2018-10-30",NULL,40,0
1,3,"2018-08-16","2018-10-30",40,0
4,5,"2020-05-27","2020-05-27",40,0
5,6,"2020-05-27",NULL,40,0
1,3,"2018-08-27","2018-08-27",41,0
1,3,"2018-08-27","2018-08-27",41,0
1,3,"2018-08-27","2018-08-27",41,0
1,3,"2018-08-27","2019-02-27",41,0
1,3,"2018-08-27","2018-08-27",41,0
1,3,"2018-08-27","2018-08-27",41,0
1,3,"2018-08-27","2018-08-27",41,0
1,3,"2018-08-27","2018-08-27",41,0
1,3,"2018-08-27","2018-08-27",41,0
1,3,"2018-08-27","2018-08-27",41,0
3,4,"2019-02-27",NULL,41,0
0,1,"2018-08-29","2018-08-29",42,0
1,9,"2019-02-17","2019-02-17",42,1
1,9,"2018-08-29","2018-08-29",42,0
1,9,"2018-08-29","2019-02-17",42,0
9,7,"2019-02-17",NULL,42,0
1,9,"2018-09-01","2018-09-01",43,0
1,9,"2018-09-01","2018-09-01",43,0
1,9,"2019-02-13","2019-02-13",43,1
1,9,"2018-09-01","2018-09-01",43,0
1,9,"2018-09-01","2018-09-01",43,0
1,9,"2018-09-01","2018-09-01",43,0
1,9,"2018-09-01","2019-02-13",43,0
1,9,"2018-09-01","2018-09-01",43,0
1,9,"2018-09-01","2018-09-01",43,0
9,7,"2019-02-13",NULL,43,0
1,3,"2018-08-31","2019-03-06",44,0
3,4,"2019-03-06",NULL,44,0
4,5,"2020-04-14","2020-04-14",44,0
5,6,"2020-04-14",NULL,44,0
1,3,"2018-09-03","2018-09-29",45,0
4,5,"2018-09-29","2018-09-29",45,0
6,8,"2018-09-29",NULL,45,0
1,9,"2018-09-08","2018-09-08",46,1
9,7,"2018-09-08",NULL,46,0
1,3,"2018-09-14","2018-10-09",47,0
1,3,"2018-09-08","2018-09-14",47,0
1,3,"2018-09-08","2018-09-08",47,0
1,3,"2018-10-09","2019-05-10",47,0
1,3,"2018-09-08","2018-09-08",47,0
4,6,"2019-05-10","2019-08-05",47,0
6,8,"2019-08-05",NULL,47,0
1,3,"2018-09-08","2018-09-11",48,0
1,3,"2018-09-11","2019-01-16",48,0
4,5,"2019-01-16","2019-01-30",48,0
6,8,"2019-01-30",NULL,48,0
1,3,"2018-09-10","2019-02-27",49,0
3,4,"2019-02-27",NULL,49,0
1,3,"2018-10-29","2018-10-29",50,0
1,3,"2018-10-29","2018-10-30",50,0
1,3,"2018-10-30","2018-11-27",50,0
1,3,"2018-10-29","2018-10-29",50,0
1,3,"2018-09-11","2018-09-11",50,0
1,3,"2018-09-11","2018-09-11",50,0
1,3,"2018-09-11","2018-09-11",50,0
1,3,"2018-10-29","2018-10-29",50,0
1,3,"2018-09-11","2018-10-29",50,0
1,3,"2018-09-11","2018-09-11",50,0
5,6,"2018-11-27","2018-11-27",50,0
5,6,"2018-11-27","2018-12-09",50,0
5,6,"2018-12-09",NULL,50,0
5,6,"2018-11-27","2018-11-27",50,0
5,6,"2018-11-27","2018-11-27",50,0
1,3,"2019-01-22","2019-10-11",51,0
4,6,"2019-10-11",NULL,51,0
1,3,"2018-12-11","2019-04-11",52,0
5,6,"2019-04-11","2019-09-25",52,0
6,8,"2019-09-25",NULL,52,0
1,3,"2019-01-29","2019-10-10",53,0
5,6,"2019-10-10",NULL,53,0
1,9,"2019-02-13","2019-04-01",54,1
9,7,"2019-04-01",NULL,54,0
0,1,"2019-05-07","2019-10-11",55,0
1,4,"2019-10-11",NULL,55,0
0,1,"2018-09-20","2018-09-20",56,0
1,3,"2018-09-22","2018-09-26",56,0
1,3,"2018-09-20","2018-09-20",56,0
1,3,"2018-09-20","2018-09-22",56,0
1,3,"2018-09-26","2018-09-26",56,0
1,3,"2018-09-22","2018-09-22",56,0
1,3,"2018-09-26","2018-09-26",56,0
1,3,"2018-09-22","2018-09-22",56,0
4,5,"2018-09-26",NULL,56,0
1,4,"2019-03-13","2019-11-12",57,0
5,6,"2019-11-12",NULL,57,0
0,1,"2019-05-07","2019-10-11",58,0
1,4,"2019-10-11",NULL,58,0
4,5,"2020-05-12",NULL,58,0
5,5,"2020-05-12",NULL,58,0
0,9,"2018-10-22","2018-10-22",59,1
0,9,"2018-10-08","2018-10-22",59,0
7,10,"2020-02-21",NULL,59,0
9,7,"2018-10-22",NULL,59,0
1,3,"2018-09-29","2018-09-29",61,0
1,3,"2018-09-29","2018-09-29",61,0
1,3,"2018-09-29","2018-09-29",61,0
4,5,"2018-09-29","2018-09-29",61,0
4,5,"2018-09-29","2018-09-29",61,0
4,5,"2018-09-29","2018-09-29",61,0
6,8,"2018-09-29",NULL,61,0
1,3,"2018-10-01","2018-10-01",62,0
1,3,"2018-10-01","2018-10-01",62,0
1,3,"2018-10-01","2018-10-01",62,0
1,3,"2018-10-01","2018-10-01",62,0
1,3,"2018-10-01","2018-10-24",62,0
1,3,"2018-10-01","2018-10-01",62,0
4,5,"2018-12-04","2019-03-05",62,0
4,5,"2018-10-24","2018-12-04",62,0
4,6,"2019-03-05","2019-03-05",62,0
6,8,"2019-03-05",NULL,62,0
1,3,"2018-10-04","2018-10-04",63,0
1,3,"2018-10-04","2018-11-15",63,0
1,3,"2018-10-04","2018-10-04",63,0
3,4,"2018-11-15","2020-06-15",63,0
4,3,"2020-06-15",NULL,63,0
1,3,"2019-02-25","2020-02-18",64,0
1,9,"2018-12-13","2018-12-13",64,1
4,6,"2020-02-18",NULL,64,0
9,1,"2018-12-13","2019-02-25",64,0
1,3,"2018-10-10","2020-04-14",65,0
4,6,"2020-04-14",NULL,65,0
1,3,"2019-03-30","2020-03-30",66,0
4,6,"2020-03-30",NULL,66,0
1,3,"2019-02-12","2019-10-02",67,0
5,6,"2019-10-02",NULL,67,0
1,3,"2018-10-29","2018-12-12",68,0
3,4,"2018-12-12","2019-11-18",68,0
3,4,"2019-11-18","2019-11-21",68,0
4,6,"2019-11-21",NULL,68,0
4,3,"2019-11-18","2019-11-18",68,0
1,3,"2018-10-24","2018-11-25",69,0
1,3,"2018-11-25","2018-11-29",69,0
1,3,"2018-10-24","2018-10-24",69,0
3,4,"2018-11-29","2019-01-11",69,0
4,5,"2019-01-11","2019-05-10",69,0
4,6,"2019-05-10","2019-08-05",69,0
6,8,"2019-08-05",NULL,69,0
1,3,"2018-11-15","2018-11-15",70,0
4,5,"2018-11-15",NULL,70,0
1,3,"2018-11-01","2019-02-28",71,0
1,4,"2019-02-28",NULL,71,0
1,3,"2018-11-28","2018-12-03",72,0
1,3,"2018-11-07","2018-11-14",72,0
1,3,"2018-11-14","2018-11-28",72,0
1,3,"2018-12-03",NULL,72,0
4,5,"2020-01-22",NULL,72,0
5,6,"2020-03-02",NULL,72,0
5,5,"2020-03-02","2020-03-02",72,0
1,3,"2018-11-07","2018-11-15",73,0
1,3,"2019-01-09",NULL,73,0
1,3,"2018-11-15","2019-01-09",73,0
1,3,"2018-11-15","2018-11-15",73,0
1,3,"2018-11-15","2018-11-15",73,0
4,5,"2020-02-14",NULL,73,0
5,5,"2020-03-02",NULL,73,0
5,5,"2020-03-02","2020-03-02",73,0
5,6,"2020-03-02",NULL,73,0
1,3,"2018-11-19","2018-12-14",74,0
4,5,"2018-12-14","2019-01-30",74,0
6,8,"2019-01-30",NULL,74,0
1,4,"2019-02-28",NULL,75,0
1,3,"2018-11-15","2018-11-15",76,0
4,5,"2018-11-15","2018-11-28",76,0
4,5,"2018-11-15","2018-11-15",76,0
4,5,"2018-11-28","2018-11-28",76,0
4,5,"2018-11-28",NULL,76,0
1,3,"2018-11-15","2018-11-15",77,0
4,5,"2018-11-15",NULL,77,0
1,3,"2018-11-28","2018-11-28",78,0
4,5,"2018-11-28",NULL,78,0
1,3,"2018-12-03",NULL,79,0
4,5,"2020-05-25","2020-05-25",79,0
5,6,"2020-05-25",NULL,79,0
1,3,"2018-12-16",NULL,80,0
4,5,"2020-05-27","2020-05-27",80,0
5,6,"2020-05-27",NULL,80,0
6,5,"2020-05-27",NULL,80,0
6,5,"2020-05-27",NULL,80,0
1,4,"2019-02-28",NULL,81,0
1,3,"2019-08-30",NULL,84,0
1,3,"2018-11-28","2018-11-28",85,0
4,5,"2018-11-30",NULL,85,0
4,5,"2018-11-28","2018-11-30",85,0
4,5,"2018-11-28","2018-11-28",85,0
1,4,"2019-02-28",NULL,86,0
1,3,"2018-12-03",NULL,87,0
1,9,"2019-03-27","2019-03-27",88,1
9,7,"2019-03-27",NULL,88,0
1,3,"2019-02-04","2020-07-31",89,0
3,9,"2020-07-31","2020-07-31",89,1
4,3,"2020-07-31","2020-07-31",89,0
7,10,"2020-07-31",NULL,89,0
9,7,"2020-07-31",NULL,89,0
1,3,"2019-02-28",NULL,90,0
1,3,"2019-01-17","2019-09-20",91,0
4,6,"2019-09-20",NULL,91,0
1,3,"2019-01-11","2019-04-04",92,0
5,6,"2019-04-04","2019-04-04",92,0
6,8,"2019-04-04",NULL,92,0
0,1,"2019-04-30","2019-04-30",93,0
1,3,"2019-04-30",NULL,93,0
4,5,"2020-03-02","2020-03-02",93,0
5,6,"2020-03-02",NULL,93,0
0,1,"2019-02-05","2019-02-07",94,0
1,3,"2019-02-07",NULL,94,0
4,5,"2020-02-17",NULL,94,0
4,5,"2020-02-17",NULL,94,0
5,5,"2020-02-26","2020-02-26",94,0
5,5,"2020-02-17",NULL,94,0
5,6,"2020-02-26",NULL,94,0
1,3,"2019-01-22","2019-10-25",96,0
5,6,"2019-10-25",NULL,96,0
1,9,"2019-01-22","2019-01-22",97,1
9,7,"2019-01-22",NULL,97,0
1,3,"2019-08-30",NULL,98,0
1,3,"2019-02-12","2019-10-25",99,0
3,4,"2019-10-25","2019-10-25",99,0
4,6,"2019-10-25",NULL,99,0
1,3,"2019-04-01","2019-05-20",100,0
3,4,"2019-05-20","2019-10-09",100,0
4,6,"2019-10-09",NULL,100,0
1,9,"2019-02-20","2019-02-20",101,1
9,7,"2019-02-20",NULL,101,0
1,3,"2019-04-30","2020-02-27",102,0
4,3,"2020-02-27",NULL,102,0
1,3,"2019-02-05",NULL,103,0
4,5,"2020-02-17",NULL,103,0
4,5,"2020-02-17","2020-03-02",103,0
5,6,"2020-03-02",NULL,103,0
1,3,"2019-02-06",NULL,104,0
4,5,"2020-06-09",NULL,104,0
5,5,"2020-06-11",NULL,104,0
5,5,"2020-06-09",NULL,104,0
5,5,"2020-06-09",NULL,104,0
5,5,"2020-06-11","2020-07-07",104,0
5,6,"2020-07-07",NULL,104,0
0,1,"2019-02-11","2019-02-11",105,0
1,3,"2019-02-11",NULL,105,0
1,9,"2019-02-11","2019-02-11",106,1
9,7,"2019-02-11",NULL,106,0
0,9,"2019-02-11","2019-02-11",107,1
7,10,"2020-02-21",NULL,107,0
9,7,"2019-02-11",NULL,107,0
1,3,"2019-03-30",NULL,108,0
1,3,"2019-03-14","2019-08-07",109,0
3,9,"2020-05-26",NULL,109,1
4,3,"2020-05-26","2020-05-26",109,0
4,3,"2019-08-07","2020-05-26",109,0
1,9,"2019-03-14","2019-05-03",110,1
1,4,"2019-05-03",NULL,110,0
5,5,"2020-05-26",NULL,110,0
9,1,"2019-05-03","2019-05-03",110,0
1,9,"2020-02-26",NULL,111,1
1,3,"2019-03-08","2020-03-24",112,0
4,6,"2020-03-24",NULL,112,0
1,3,"2019-03-30","2019-10-07",113,0
3,4,"2019-10-07","2020-04-20",113,0
4,6,"2020-04-20",NULL,113,0
1,3,"2019-02-25","2019-07-10",114,0
4,3,"2020-04-07",NULL,114,0
4,3,"2019-10-03","2020-02-07",114,0
4,3,"2019-07-10","2019-10-03",114,0
4,3,"2020-02-07","2020-04-07",114,0
1,4,"2019-02-27","2019-05-25",115,0
5,6,"2019-05-25","2019-05-27",115,0
6,8,"2019-05-27",NULL,115,0
1,3,"2019-02-21","2019-10-03",116,0
4,3,"2019-10-03","2020-02-07",116,0
4,3,"2020-02-07",NULL,116,0
1,4,"2019-02-28",NULL,117,0
4,5,"2020-05-26","2020-05-26",117,0
5,6,"2020-05-26","2020-07-30",117,0
6,8,"2020-07-30",NULL,117,0
1,3,"2020-05-26",NULL,118,0
1,9,"2019-05-10",NULL,119,1
0,1,"2019-02-26","2019-08-30",120,0
1,3,"2019-08-30",NULL,120,0
1,3,"2019-03-07","2019-07-10",121,0
3,4,"2019-07-10","2019-09-06",121,0
4,6,"2019-09-06","2019-09-25",121,0
4,3,"2019-07-10","2019-07-10",121,0
6,8,"2019-09-25",NULL,121,0
1,3,"2019-02-27",NULL,122,0
5,5,"2020-05-02",NULL,122,0
1,3,"2019-03-11","2019-10-11",123,0
3,9,"2020-02-18",NULL,123,1
4,3,"2019-10-11","2020-02-18",123,0
4,3,"2020-02-18","2020-02-18",123,0
1,3,"2019-03-27","2019-11-20",124,0
3,9,"2020-02-19","2020-05-28",124,1
4,3,"2019-11-20","2020-02-19",124,0
9,3,"2020-05-28",NULL,124,0
1,3,"2019-03-08","2019-03-08",125,0
3,4,"2019-03-08","2019-03-08",125,0
4,6,"2019-03-08","2019-05-10",125,0
6,8,"2019-05-10",NULL,125,0
1,3,"2019-03-08","2019-05-10",126,0
4,6,"2019-05-10","2019-09-26",126,0
6,8,"2019-09-26",NULL,126,0
1,3,"2019-05-09","2019-08-07",127,0
4,3,"2019-08-07",NULL,127,0
1,3,"2019-02-27",NULL,128,0
1,3,"2019-08-30",NULL,129,0
1,3,"2019-02-27","2020-07-16",130,0
4,3,"2020-07-16",NULL,130,0
1,3,"2019-03-14",NULL,131,0
4,5,"2020-04-03","2020-04-14",131,0
5,6,"2020-04-14",NULL,131,0
1,3,"2019-04-04","2019-09-25",132,0
3,4,"2020-06-30","2020-06-30",132,0
4,3,"2020-02-07","2020-06-30",132,0
4,3,"2020-06-30",NULL,132,0
4,3,"2019-09-25","2020-02-07",132,0
1,3,"2019-03-27","2020-01-30",133,0
4,3,"2020-06-17",NULL,133,0
4,3,"2020-01-30","2020-06-17",133,0
1,9,"2019-03-25","2019-03-27",134,1
9,7,"2019-03-27",NULL,134,0
1,3,"2019-03-11","2019-06-30",135,0
3,4,"2019-06-30","2019-09-25",135,0
4,6,"2019-09-25",NULL,135,0
1,3,"2019-03-20","2019-07-10",136,0
4,3,"2019-07-10","2019-10-03",136,0
4,3,"2019-10-03",NULL,136,0
1,3,"2019-03-01",NULL,137,0
1,3,"2019-03-11","2019-10-10",138,0
4,3,"2019-10-10",NULL,138,0
1,3,"2019-03-11",NULL,139,0
1,9,"2019-03-11","2019-03-17",140,1
9,7,"2019-03-17",NULL,140,0
1,3,"2019-03-11","2019-08-09",141,0
4,3,"2019-08-09",NULL,141,0
1,3,"2019-03-30","2019-09-26",142,0
3,4,"2019-09-26","2019-10-02",142,0
5,6,"2019-10-02",NULL,142,0
1,3,"2019-04-12","2019-06-07",143,0
3,9,"2020-02-20","2020-05-29",143,1
3,9,"2019-06-07","2019-09-17",143,1
4,3,"2020-02-20","2020-02-20",143,0
9,3,"2019-09-17","2020-02-20",143,0
9,7,"2020-05-29",NULL,143,0
1,3,"2019-04-25","2019-08-09",144,0
4,3,"2019-08-09",NULL,144,0
5,5,"2020-02-14","2020-02-19",144,0
5,6,"2020-02-19",NULL,144,0
1,3,"2019-03-19",NULL,145,0
4,5,"2020-05-12",NULL,145,0
4,5,"2020-05-12",NULL,145,0
0,1,"2019-03-30","2019-03-30",146,0
1,3,"2019-03-30","2020-03-31",146,0
4,6,"2020-03-31",NULL,146,0
1,3,"2019-05-14","2019-09-02",147,0
5,6,"2019-09-02","2019-09-25",147,0
6,8,"2019-09-25",NULL,147,0
1,3,"2019-03-25","2019-10-25",148,0
5,6,"2019-10-25",NULL,148,0
1,3,"2019-03-27","2019-07-22",149,0
3,4,"2019-10-01",NULL,149,0
4,3,"2019-07-22","2019-10-01",149,0
5,6,"2020-05-22",NULL,149,0
5,5,"2020-05-19","2020-05-22",149,0
1,3,"2019-04-30",NULL,150,0
4,5,"2020-02-27","2020-03-02",150,0
5,6,"2020-03-02",NULL,150,0
1,3,"2019-04-07",NULL,151,0
4,5,"2020-02-28",NULL,151,0
5,6,"2020-03-02",NULL,151,0
5,5,"2020-03-02","2020-03-02",151,0
1,3,"2019-04-07",NULL,152,0
4,5,"2020-02-28","2020-03-02",152,0
5,6,"2020-03-02",NULL,152,0
1,3,"2019-04-30",NULL,153,0
4,5,"2020-03-02",NULL,153,0
5,6,"2020-03-03",NULL,153,0
5,5,"2020-03-03","2020-03-03",153,0
0,1,"2019-03-28","2019-03-28",154,0
1,3,"2019-03-28","2019-11-05",154,0
5,6,"2019-11-05",NULL,154,0
1,3,"2019-03-28","2020-04-06",155,0
3,9,"2020-04-06","2020-09-03",155,1
9,3,"2020-09-03",NULL,155,0
1,3,"2019-03-30","2019-11-14",156,0
3,9,"2019-11-14","2019-11-14",156,1
9,7,"2019-11-14",NULL,156,0
0,9,"2020-02-20","2020-02-20",157,1
7,10,"2020-02-20",NULL,157,0
9,7,"2020-02-20",NULL,157,0
1,3,"2019-03-30","2019-09-26",158,0
3,4,"2019-09-26","2019-10-02",158,0
4,6,"2019-10-02",NULL,158,0
1,3,"2019-03-30","2020-02-20",159,0
3,9,"2020-02-20","2020-02-20",159,1
4,3,"2020-02-20","2020-02-20",159,0
9,7,"2020-02-20",NULL,159,0
1,3,"2019-03-30","2020-04-01",160,0
3,9,"2020-04-01",NULL,160,1
4,3,"2020-04-01","2020-04-01",160,0
1,3,"2019-04-16","2019-05-24",161,0
3,9,"2019-05-24","2020-07-13",161,1
9,7,"2020-07-13",NULL,161,0
1,3,"2019-05-24",NULL,162,0
4,5,"2020-02-24","2020-02-24",162,0
4,5,"2020-02-24",NULL,162,0
4,5,"2020-02-24",NULL,162,0
4,5,"2020-02-24",NULL,162,0
5,6,"2020-02-24",NULL,162,0
1,3,"2019-05-13","2019-10-11",163,0
3,9,"2020-02-18",NULL,163,1
4,3,"2019-10-11","2020-02-18",163,0
4,3,"2020-02-18","2020-02-18",163,0
1,4,"2019-04-06",NULL,164,0
1,4,"2019-04-10",NULL,165,0
4,5,"2020-04-21","2020-04-21",165,0
5,6,"2020-04-21",NULL,165,0
1,3,"2019-04-06",NULL,166,0
1,3,"2019-04-26",NULL,167,0
1,3,"2019-04-26",NULL,168,0
1,4,"2019-04-06",NULL,169,0
1,3,"2019-04-09","2020-04-20",170,0
4,6,"2020-04-20",NULL,170,0
1,3,"2019-05-26","2019-08-09",171,0
3,4,"2019-08-09","2019-09-12",171,0
4,6,"2019-09-12","2019-09-25",171,0
6,8,"2019-09-25",NULL,171,0
1,3,"2019-04-15","2019-08-15",172,0
4,3,"2019-08-15","2020-02-18",172,0
4,3,"2020-06-19",NULL,172,0
4,3,"2020-02-18","2020-06-19",172,0
1,9,"2019-05-10","2020-04-14",173,1
9,7,"2020-04-14",NULL,173,0
1,4,"2019-04-11",NULL,174,0
4,5,"2020-05-27","2020-05-27",174,0
5,6,"2020-05-27",NULL,174,0
1,3,"2019-04-11",NULL,175,0
4,5,"2020-05-25","2020-05-25",175,0
5,6,"2020-05-25",NULL,175,0
1,3,"2019-06-04","2019-07-29",176,0
3,4,"2019-10-21",NULL,176,0
4,3,"2019-07-29","2019-10-21",176,0
5,5,"2020-01-22",NULL,176,0
5,5,"2020-01-22","2020-01-22",176,0
5,6,"2020-01-22",NULL,176,0
5,5,"2020-01-20",NULL,176,0
1,3,"2019-06-24",NULL,177,0
4,5,"2020-03-04","2020-03-04",177,0
5,6,"2020-03-04",NULL,177,0
1,3,"2019-05-02","2019-10-25",178,0
3,4,"2019-10-25","2020-03-31",178,0
4,6,"2020-03-31",NULL,178,0
1,9,"2019-09-30","2019-09-30",179,1
9,7,"2019-09-30",NULL,179,0
0,1,"2019-04-23","2019-04-25",180,0
1,3,"2019-04-25","2019-08-23",180,0
5,6,"2019-08-23","2019-09-25",180,0
6,8,"2019-09-25",NULL,180,0
1,3,"2019-05-27","2019-09-18",181,0
3,4,"2019-09-18","2019-10-23",181,0
5,6,"2019-10-23",NULL,181,0
1,3,"2019-07-16","2019-07-16",182,0
3,9,"2019-07-16","2019-07-16",182,1
9,7,"2019-07-16",NULL,182,0
1,3,"2019-05-26","2019-10-03",183,0
3,9,"2020-05-06",NULL,183,1
4,3,"2020-02-07","2020-05-06",183,0
4,3,"2019-10-03","2020-02-07",183,0
1,3,"2019-06-15","2020-03-23",184,0
4,3,"2020-03-23",NULL,184,0
1,3,"2019-05-09","2019-07-13",185,0
3,9,"2020-03-02","2020-07-03",185,1
4,3,"2020-03-02","2020-03-02",185,0
4,3,"2019-10-18","2020-02-18",185,0
4,3,"2019-07-13","2019-10-18",185,0
4,3,"2020-02-18","2020-03-02",185,0
9,3,"2020-07-03",NULL,185,0
1,9,"2019-05-02","2019-05-13",186,1
1,9,"2019-05-02","2019-05-02",186,1
9,1,"2019-05-02","2019-05-02",186,0
9,7,"2019-05-13",NULL,186,0
1,3,"2019-05-13","2019-10-11",187,0
3,9,"2020-02-18",NULL,187,1
4,3,"2019-10-11","2020-02-18",187,0
4,3,"2020-02-18","2020-02-18",187,0
1,3,"2019-05-13","2019-10-10",188,0
3,9,"2020-02-18",NULL,188,1
4,3,"2019-10-10","2020-02-18",188,0
1,3,"2019-05-07","2019-11-15",189,0
5,6,"2019-11-15",NULL,189,0
1,3,"2019-05-05",NULL,190,0
0,1,"2019-05-07","2019-05-07",191,0
1,3,"2019-05-07",NULL,191,0
4,5,"2020-02-10","2020-03-03",191,0
5,6,"2020-03-03",NULL,191,0
1,3,"2019-05-07","2020-03-02",192,0
3,9,"2020-03-04",NULL,192,1
4,3,"2020-03-02","2020-03-04",192,0
1,3,"2019-05-08",NULL,193,0
4,5,"2020-05-07","2020-05-07",193,0
5,6,"2020-05-07",NULL,193,0
0,1,"2019-05-10","2019-05-14",194,0
1,3,"2019-05-14","2019-11-06",194,0
4,3,"2020-04-13","2020-05-19",194,0
4,3,"2019-11-06","2020-02-18",194,0
4,3,"2020-07-09",NULL,194,0
4,3,"2020-05-19","2020-07-09",194,0
4,3,"2020-02-18","2020-04-13",194,0
1,3,"2019-05-24","2019-09-03",195,0
3,4,"2019-09-03","2019-09-10",195,0
5,6,"2019-09-10","2019-09-10",195,0
6,8,"2019-09-10",NULL,195,0
1,3,"2019-05-13",NULL,196,0
1,3,"2019-05-24","2020-01-05",197,0
3,9,"2020-01-05","2020-01-29",197,1
4,3,"2020-02-19",NULL,197,0
9,3,"2020-01-29","2020-02-19",197,0
1,3,"2019-10-24","2020-01-31",198,0
3,9,"2020-01-31","2020-02-18",198,1
9,7,"2020-02-18",NULL,198,0
1,3,"2019-06-12","2020-03-05",199,0
4,3,"2020-06-03",NULL,199,0
4,5,"2020-07-20",NULL,199,0
4,5,"2020-07-20",NULL,199,0
4,3,"2020-03-05","2020-06-03",199,0
5,5,"2020-09-07",NULL,199,0
1,3,"2019-05-17","2019-05-17",200,0
3,4,"2019-05-17","2019-09-27",200,0
5,6,"2019-09-27","2019-09-27",200,0
6,8,"2019-09-27",NULL,200,0
1,4,"2020-05-26",NULL,201,0
1,3,"2020-05-26","2020-05-26",202,0
3,4,"2020-05-26",NULL,202,0
1,3,"2019-06-13",NULL,203,0
1,3,"2019-05-28","2019-10-10",204,0
4,3,"2019-10-10",NULL,204,0
4,5,"2020-04-28",NULL,204,0
5,5,"2020-04-28","2020-05-12",204,0
5,6,"2020-05-12",NULL,204,0
1,4,"2019-07-11",NULL,205,0
4,5,"2020-05-26","2020-05-26",205,0
5,6,"2020-05-26","2020-07-30",205,0
6,8,"2020-07-30",NULL,205,0
1,3,"2019-06-06",NULL,206,0
1,3,"2019-05-29",NULL,207,0
4,5,"2020-04-01","2020-04-14",207,0
5,6,"2020-04-14",NULL,207,0
1,3,"2019-10-25","2020-01-18",208,0
3,4,"2020-01-18",NULL,208,0
4,5,"2020-01-24","2020-03-13",208,0
5,6,"2020-03-13",NULL,208,0
1,9,"2020-02-18",NULL,209,1
1,4,"2019-06-04","2020-01-16",210,0
3,9,"2020-01-16",NULL,210,1
4,3,"2020-01-16","2020-01-16",210,0
1,4,"2019-06-04","2020-03-30",211,0
4,6,"2020-03-30",NULL,211,0
1,9,"2019-06-13","2019-10-08",212,1
9,7,"2019-10-08",NULL,212,0
1,3,"2019-06-28","2019-07-10",213,0
3,4,"2019-07-10","2019-11-29",213,0
5,6,"2019-11-29",NULL,213,0
0,1,"2019-06-10","2019-06-19",214,0
1,3,"2019-06-19","2020-02-18",214,0
4,3,"2020-02-18","2020-04-06",214,0
4,3,"2020-06-16",NULL,214,0
4,3,"2020-04-06","2020-06-16",214,0
4,5,"2020-08-05",NULL,214,0
1,3,"2019-06-12",NULL,215,0
4,5,"2020-05-22","2020-05-22",215,0
5,6,"2020-05-22",NULL,215,0
1,3,"2019-06-15","2020-03-21",216,0
3,9,"2020-03-21",NULL,216,1
4,3,"2020-03-21","2020-03-21",216,0
1,9,"2019-09-23","2019-09-23",217,1
9,7,"2019-09-23",NULL,217,0
1,3,"2019-06-14","2019-06-17",218,0
3,9,"2019-06-17","2020-05-13",218,1
7,10,"2020-05-13",NULL,218,0
9,7,"2020-05-13",NULL,218,0
1,3,"2019-06-19",NULL,219,0
4,5,"2020-05-22","2020-05-22",219,0
5,6,"2020-05-22",NULL,219,0
1,3,"2019-07-09","2019-10-22",220,0
4,3,"2019-10-22",NULL,220,0
1,3,"2019-10-26","2020-02-18",221,0
4,3,"2020-02-18","2020-05-13",221,0
4,3,"2020-05-13",NULL,221,0
1,9,"2019-11-23",NULL,222,1
1,3,"2019-07-09","2019-12-19",223,0
3,4,"2019-12-19",NULL,223,0
4,5,"2020-05-22","2020-05-22",223,0
5,6,"2020-05-22",NULL,223,0
1,9,"2019-07-04","2019-07-16",224,1
9,7,"2019-07-16",NULL,224,0
1,3,"2019-06-26",NULL,225,0
4,5,"2020-01-28",NULL,225,0
4,5,"2020-01-28",NULL,225,0
4,5,"2020-01-28",NULL,225,0
4,5,"2020-02-06","2020-03-06",225,0
5,6,"2020-03-06",NULL,225,0
1,3,"2019-07-09",NULL,226,0
4,5,"2020-05-22","2020-05-22",226,0
5,6,"2020-05-22",NULL,226,0
1,3,"2019-09-30","2020-03-02",227,0
3,9,"2020-03-04",NULL,227,1
4,3,"2020-03-02","2020-03-04",227,0
1,9,"2019-11-23",NULL,228,1
1,3,"2019-11-01","2020-03-02",229,0
4,3,"2020-03-02","2020-04-18",229,0
4,3,"2020-04-18",NULL,229,0
1,3,"2019-09-21",NULL,230,0
1,3,"2019-07-02",NULL,231,0
1,3,"2019-07-31",NULL,233,0
4,5,"2020-05-25","2020-05-25",233,0
5,6,"2020-05-25",NULL,233,0
1,9,"2020-07-30",NULL,234,1
1,3,"2019-08-05",NULL,235,0
1,3,"2019-07-09","2019-09-11",236,0
3,4,"2019-09-12","2020-02-06",236,0
4,3,"2019-09-11","2019-09-12",236,0
5,6,"2020-02-06",NULL,236,0
1,3,"2019-07-09",NULL,237,0
0,1,"2019-07-12","2019-09-11",238,0
1,4,"2019-09-11",NULL,238,0
1,3,"2019-12-04","2020-05-19",239,0
3,9,"2020-05-19",NULL,239,1
0,1,"2019-07-10","2019-11-11",240,0
1,9,"2019-11-11","2019-11-11",240,1
9,7,"2019-11-11",NULL,240,0
1,4,"2019-09-11",NULL,241,0
0,1,"2019-07-15","2020-05-26",242,0
1,3,"2020-05-26",NULL,242,0
1,9,"2019-09-27","2019-11-13",243,1
1,3,"2019-11-22","2020-05-28",243,0
4,3,"2020-05-28",NULL,243,0
9,1,"2019-11-13","2019-11-22",243,0
1,3,"2019-08-05","2019-10-02",244,0
5,6,"2019-10-02",NULL,244,0
0,1,"2019-07-29","2019-07-31",246,0
1,3,"2019-07-31","2020-02-07",246,0
4,3,"2020-02-07",NULL,246,0
1,3,"2019-07-31","2019-10-03",247,0
4,3,"2020-06-09",NULL,247,0
4,3,"2019-10-03","2020-01-30",247,0
4,3,"2020-01-30","2020-06-09",247,0
1,9,"2019-09-10",NULL,248,1
1,9,"2020-01-19","2020-01-19",249,1
9,7,"2020-01-19",NULL,249,0
1,3,"2019-08-30",NULL,250,0
0,1,"2019-09-16","2019-10-10",251,0
1,3,"2019-10-10",NULL,251,0
1,4,"2019-08-19",NULL,253,0
1,9,"2019-09-24","2019-09-24",254,1
9,7,"2019-09-24",NULL,254,0
1,3,"2019-09-24","2020-06-22",256,0
4,6,"2020-06-22",NULL,256,0
1,9,"2019-09-26","2019-09-26",257,1
9,7,"2019-09-26",NULL,257,0
1,9,"2020-04-14","2020-04-24",258,1
1,3,"2020-04-24",NULL,258,0
9,1,"2020-04-24","2020-04-24",258,0
1,9,"2020-05-26","2020-05-26",259,1
9,7,"2020-05-26",NULL,259,0
1,3,"2019-09-05",NULL,260,0
1,3,"2019-11-04",NULL,261,0
0,1,"2019-09-07","2019-09-16",262,0
1,3,"2019-09-16","2019-09-30",262,0
3,4,"2019-09-30","2019-12-19",262,0
5,6,"2019-12-19",NULL,262,0
1,4,"2019-10-11",NULL,263,0
4,5,"2020-05-19","2020-05-19",263,0
5,6,"2020-05-19",NULL,263,0
1,9,"2020-02-04","2020-02-04",264,1
7,10,"2020-02-04",NULL,264,0
9,7,"2020-02-04",NULL,264,0
1,4,"2019-09-11","2019-11-04",265,0
4,6,"2020-06-11",NULL,265,0
4,3,"2019-11-04","2020-06-11",265,0
1,9,"2019-09-19","2019-10-10",266,1
9,7,"2019-10-10",NULL,266,0
1,3,"2019-10-10","2019-12-11",267,0
3,4,"2019-12-11",NULL,267,0
1,3,"2019-09-21","2020-02-20",268,0
3,9,"2020-02-20","2020-04-14",268,1
4,3,"2020-02-20","2020-02-20",268,0
9,7,"2020-04-14",NULL,268,0
1,3,"2019-10-08","2020-01-16",269,0
3,9,"2020-04-14",NULL,269,1
4,3,"2020-04-14","2020-04-14",269,0
4,3,"2020-01-16","2020-04-14",269,0
1,3,"2019-11-26",NULL,270,0
1,9,"2020-02-10","2020-02-10",271,1
9,7,"2020-02-10",NULL,271,0
1,3,"2019-09-30","2020-02-27",272,0
1,3,"2019-09-30","2019-09-30",272,0
3,1,"2019-09-30","2019-09-30",272,0
4,6,"2020-02-27",NULL,272,0
1,9,"2020-03-31",NULL,273,1
1,3,"2019-10-10","2020-02-17",274,0
3,9,"2020-02-27","2020-02-27",274,1
4,3,"2020-02-17","2020-02-27",274,0
9,7,"2020-02-27",NULL,274,0
1,3,"2019-10-10","2020-04-21",275,0
4,3,"2020-04-21",NULL,275,0
1,4,"2019-10-08",NULL,276,0
1,3,"2019-10-08",NULL,277,0
4,5,"2020-02-11","2020-02-12",277,0
5,6,"2020-02-12",NULL,277,0
1,9,"2019-11-28",NULL,278,1
1,9,"2020-03-31",NULL,279,1
1,3,"2019-10-08","2019-11-14",280,0
3,4,"2019-11-14","2020-02-14",280,0
5,6,"2020-02-14",NULL,280,0
1,3,"2019-10-12",NULL,281,0
0,1,"2019-10-11","2019-10-16",282,0
1,3,"2019-10-16","2020-03-03",282,0
4,3,"2020-03-03","2020-06-08",282,0
4,3,"2020-06-08",NULL,282,0
1,3,"2019-10-11","2020-02-27",283,0
3,4,"2020-08-28","2020-08-28",283,0
4,3,"2020-04-18","2020-08-28",283,0
4,3,"2020-02-27","2020-04-18",283,0
4,3,"2020-08-28",NULL,283,0
1,3,"2019-10-16",NULL,284,0
1,4,"2019-10-14",NULL,285,0
4,5,"2020-03-02","2020-03-02",285,0
5,6,"2020-03-02",NULL,285,0
1,3,"2019-12-09",NULL,286,0
1,3,"2019-10-30",NULL,287,0
1,3,"2020-03-31","2020-05-21",288,0
3,4,"2020-05-21",NULL,288,0
1,3,"2020-01-24","2020-08-25",289,0
4,3,"2020-08-25",NULL,289,0
1,9,"2020-01-16","2020-07-13",290,1
9,7,"2020-07-13",NULL,290,0
1,4,"2019-10-29",NULL,291,0
4,5,"2020-02-14","2020-03-02",291,0
5,6,"2020-03-02",NULL,291,0
1,4,"2019-10-29",NULL,292,0
4,5,"2020-03-02","2020-03-02",292,0
5,6,"2020-03-02",NULL,292,0
1,4,"2019-10-29",NULL,293,0
4,5,"2020-03-02","2020-03-02",293,0
5,6,"2020-03-02",NULL,293,0
1,3,"2019-11-14","2020-07-23",294,0
4,6,"2020-07-23",NULL,294,0
1,3,"2019-11-01",NULL,295,0
1,3,"2019-11-01","2020-03-02",296,0
4,5,"2020-08-03",NULL,296,0
4,3,"2020-03-02",NULL,296,0
5,5,"2020-08-18",NULL,296,0
5,5,"2020-08-18",NULL,296,0
5,5,"2020-08-03",NULL,296,0
1,9,"2019-11-14","2019-11-14",297,1
7,10,"2020-02-21",NULL,297,0
9,7,"2019-11-14",NULL,297,0
1,3,"2020-01-31","2020-05-13",298,0
3,9,"2020-07-30",NULL,298,1
4,3,"2020-05-13","2020-07-30",298,0
1,3,"2019-12-18","2020-03-09",299,0
4,3,"2020-03-09",NULL,299,0
1,3,"2019-11-22","2020-03-23",300,0
4,3,"2020-07-07",NULL,300,0
4,3,"2020-03-23","2020-07-07",300,0
0,1,"2019-11-07","2019-11-19",301,0
1,3,"2019-11-19",NULL,301,0
1,3,"2019-11-15",NULL,302,0
1,4,"2019-11-12",NULL,303,0
1,3,"2019-11-12",NULL,304,0
1,3,"2020-01-22",NULL,305,0
1,3,"2020-02-14","2020-07-30",306,0
3,9,"2020-07-30",NULL,306,1
4,3,"2020-07-30","2020-07-30",306,0
1,3,"2020-01-31","2020-05-13",307,0
3,4,"2020-07-30",NULL,307,0
4,3,"2020-05-13","2020-07-30",307,0
1,3,"2020-01-30","2020-09-07",308,0
3,4,"2020-09-07",NULL,308,0
1,3,"2019-11-19",NULL,309,0
4,5,"2020-03-02","2020-03-02",309,0
5,6,"2020-03-02",NULL,309,0
1,3,"2019-12-02","2019-12-03",310,0
3,9,"2019-12-03",NULL,310,1
1,3,"2019-11-21",NULL,311,0
4,5,"2020-03-03",NULL,311,0
4,5,"2020-03-03","2020-03-03",311,0
5,6,"2020-03-03",NULL,311,0
1,3,"2020-03-31",NULL,312,0
1,3,"2019-11-21",NULL,313,0
1,3,"2019-11-25",NULL,314,0
1,3,"2019-11-27",NULL,318,0
0,1,"2019-11-27","2020-07-23",319,0
1,9,"2020-07-23",NULL,319,1
1,3,"2020-01-30","2020-01-30",320,0
3,4,"2020-01-30","2020-01-31",320,0
4,6,"2020-01-31",NULL,320,0
1,3,"2019-12-02","2020-05-12",321,0
4,3,"2020-07-07",NULL,321,0
4,3,"2020-05-12","2020-07-07",321,0
1,4,"2020-01-31",NULL,322,0
4,5,"2020-06-03",NULL,322,0
4,5,"2020-06-03","2020-06-11",322,0
5,6,"2020-06-11",NULL,322,0
1,4,"2020-01-31",NULL,323,0
0,1,"2019-12-04","2020-01-31",324,0
1,4,"2020-01-31",NULL,324,0
1,3,"2020-02-17","2020-05-13",325,0
4,3,"2020-05-13",NULL,325,0
1,3,"2020-01-20","2020-06-09",326,0
4,3,"2020-06-09",NULL,326,0
1,3,"2019-12-11",NULL,329,0
4,5,"2020-03-03","2020-03-03",329,0
5,6,"2020-03-03",NULL,329,0
1,3,"2019-12-13",NULL,330,0
4,5,"2020-03-04",NULL,330,0
5,5,"2020-03-04","2020-03-04",330,0
5,6,"2020-03-04",NULL,330,0
1,3,"2020-02-18","2020-05-12",331,0
4,3,"2020-05-12",NULL,331,0
0,9,"2020-02-18","2020-02-18",332,1
7,10,"2020-02-18",NULL,332,0
9,7,"2020-02-18",NULL,332,0
1,9,"2020-07-15",NULL,333,1
100,1,"2020-01-02","2020-07-15",333,0
0,1,"2020-01-02","2020-07-15",334,0
1,3,"2020-07-15",NULL,334,0
1,3,"2020-01-17","2020-03-24",335,0
4,6,"2020-03-24",NULL,335,0
100,1,"2020-01-07","2020-01-17",335,0
1,3,"2020-03-04",NULL,336,0
100,1,"2020-01-08","2020-03-04",336,0
1,4,"2020-01-19",NULL,337,0
100,1,"2020-01-13","2020-01-19",337,0
1,9,"2020-01-19","2020-06-15",338,1
1,3,"2020-06-21",NULL,338,0
9,1,"2020-06-15","2020-06-21",338,0
100,1,"2020-01-14","2020-01-19",338,0
1,3,"2020-02-04",NULL,339,0
100,1,"2020-01-15","2020-02-04",339,0
1,3,"2020-01-20",NULL,340,0
4,5,"2020-02-13",NULL,340,0
4,5,"2020-02-13",NULL,340,0
4,5,"2020-04-07",NULL,340,0
4,5,"2020-02-13",NULL,340,0
4,5,"2020-04-07",NULL,340,0
4,5,"2020-04-07","2020-04-07",340,0
5,6,"2020-04-07",NULL,340,0
100,1,"2020-01-15","2020-01-20",340,0
1,3,"2020-01-23",NULL,341,0
100,1,"2020-01-16","2020-01-23",341,0
1,3,"2020-02-09",NULL,342,0
100,1,"2020-01-17","2020-02-09",342,0
1,3,"2020-02-24",NULL,343,0
100,1,"2020-01-18","2020-02-24",343,0
1,9,"2020-03-02","2020-03-02",344,1
7,10,"2020-03-11",NULL,344,0
9,7,"2020-03-02",NULL,344,0
100,1,"2020-01-18","2020-03-02",344,0
1,9,"2020-03-02","2020-03-02",345,1
7,10,"2020-03-02",NULL,345,0
9,7,"2020-03-02",NULL,345,0
100,1,"2020-01-18","2020-03-02",345,0
1,3,"2020-06-07","2020-06-15",346,0
3,9,"2020-06-15","2020-06-15",346,1
7,10,"2020-06-15",NULL,346,0
9,7,"2020-06-15",NULL,346,0
100,1,"2020-01-19","2020-06-07",346,0
1,3,"2020-02-10","2020-06-15",347,0
3,9,"2020-06-15","2020-06-15",347,1
4,3,"2020-06-15","2020-06-15",347,0
9,7,"2020-06-15",NULL,347,0
100,1,"2020-01-19","2020-02-10",347,0
1,3,"2020-02-04",NULL,348,0
100,1,"2020-01-21","2020-02-04",348,0
1,3,"2020-01-30","2020-01-30",350,0
3,9,"2020-01-30","2020-01-30",350,1
7,10,"2020-01-30",NULL,350,0
9,7,"2020-01-30",NULL,350,0
100,1,"2020-01-23","2020-01-30",350,0
1,3,"2020-01-31",NULL,351,0
100,1,"2020-01-23","2020-01-31",351,0
1,3,"2020-01-24",NULL,352,0
4,5,"2020-04-06",NULL,352,0
4,5,"2020-02-17",NULL,352,0
4,5,"2020-04-07","2020-05-13",352,0
5,6,"2020-05-13",NULL,352,0
100,1,"2020-01-24","2020-01-24",352,0
1,9,"2020-02-18","2020-02-18",353,1
7,10,"2020-02-21",NULL,353,0
9,7,"2020-02-18",NULL,353,0
100,1,"2020-01-24","2020-02-18",353,0
1,3,"2020-02-24",NULL,354,0
100,1,"2020-01-25","2020-02-24",354,0
1,9,"2020-02-18","2020-02-18",356,1
7,10,"2020-02-21",NULL,356,0
9,7,"2020-02-18",NULL,356,0
100,1,"2020-01-30","2020-02-18",356,0
0,1,"2020-01-30","2020-02-14",357,0
1,3,"2020-02-14","2020-05-13",357,0
4,3,"2020-07-30",NULL,357,0
4,3,"2020-05-13","2020-07-30",357,0
0,1,"2020-02-04","2020-02-04",358,0
1,3,"2020-02-04",NULL,358,0
1,3,"2020-03-09",NULL,359,0
100,1,"2020-02-04","2020-03-09",359,0
1,3,"2020-02-18","2020-06-09",360,0
3,4,"2020-07-20",NULL,360,0
4,5,"2020-07-21",NULL,360,0
4,3,"2020-06-09","2020-07-20",360,0
4,5,"2020-07-30",NULL,360,0
4,5,"2020-07-30",NULL,360,0
4,5,"2020-07-30",NULL,360,0
4,5,"2020-07-21",NULL,360,0
5,6,"2020-08-03",NULL,360,0
5,5,"2020-08-03","2020-08-03",360,0
100,1,"2020-02-06","2020-02-18",360,0
1,3,"2020-02-18",NULL,361,0
4,5,"2020-04-07",NULL,361,0
4,5,"2020-04-07",NULL,361,0
4,5,"2020-03-30",NULL,361,0
4,5,"2020-03-30",NULL,361,0
5,5,"2020-04-07",NULL,361,0
5,5,"2020-04-07","2020-05-07",361,0
5,6,"2020-05-07",NULL,361,0
100,1,"2020-02-06","2020-02-18",361,0
0,1,"2020-02-09","2020-07-30",363,0
1,9,"2020-07-30","2020-07-30",363,1
7,10,"2020-07-30",NULL,363,0
9,7,"2020-07-30",NULL,363,0
1,3,"2020-05-04",NULL,364,0
100,1,"2020-02-09","2020-05-04",364,0
1,3,"2020-03-05","2020-06-22",365,0
4,3,"2020-06-22",NULL,365,0
100,1,"2020-02-11","2020-03-05",365,0
1,3,"2020-02-19","2020-06-09",367,0
3,9,"2020-06-09",NULL,367,1
100,1,"2020-02-11","2020-02-19",367,0
1,9,"2020-07-15","2020-08-19",368,1
7,10,"2020-08-20",NULL,368,0
9,7,"2020-08-19",NULL,368,0
100,1,"2020-02-13","2020-07-15",368,0
1,4,"2020-07-08",NULL,369,0
4,5,"2020-08-17",NULL,369,0
5,5,"2020-08-18",NULL,369,0
5,6,"2020-08-19","2020-09-01",369,0
5,5,"2020-08-19","2020-08-19",369,0
5,5,"2020-08-19",NULL,369,0
6,8,"2020-09-01",NULL,369,0
100,1,"2020-02-13","2020-07-08",369,0
1,3,"2020-05-13",NULL,370,0
100,1,"2020-02-15","2020-05-13",370,0
1,3,"2020-02-20",NULL,371,0
100,1,"2020-02-18","2020-02-20",371,0
0,9,"2020-02-20","2020-02-20",372,1
0,1,"2020-03-10","2020-03-26",372,0
1,4,"2020-03-26",NULL,372,0
9,0,"2020-02-20","2020-03-10",372,0
0,1,"2020-02-21","2020-02-21",373,0
1,9,"2020-02-21","2020-02-21",373,1
7,10,"2020-02-21",NULL,373,0
9,7,"2020-02-21",NULL,373,0
0,9,"2020-02-21","2020-02-21",374,1
7,10,"2020-02-21",NULL,374,0
9,7,"2020-02-21",NULL,374,0
1,9,"2020-02-21","2020-02-21",375,1
7,10,"2020-02-21",NULL,375,0
9,7,"2020-02-21",NULL,375,0
100,1,"2020-02-21","2020-02-21",375,0
1,9,"2020-02-21","2020-02-21",376,1
7,10,"2020-02-21",NULL,376,0
9,7,"2020-02-21",NULL,376,0
100,1,"2020-02-21","2020-02-21",376,0
1,9,"2020-02-24","2020-02-24",377,1
7,10,"2020-02-24",NULL,377,0
9,7,"2020-02-24",NULL,377,0
100,1,"2020-02-24","2020-02-24",377,0
1,4,"2020-02-25",NULL,378,0
4,5,"2020-03-07","2020-03-07",378,0
5,6,"2020-03-07",NULL,378,0
100,1,"2020-02-25","2020-02-25",378,0
1,3,"2020-02-25","2020-02-25",379,0
3,4,"2020-02-25",NULL,379,0
100,1,"2020-02-25","2020-02-25",379,0
0,1,"2020-03-06","2020-03-09",380,0
1,3,"2020-03-09",NULL,380,0
0,1,"2020-03-06","2020-03-09",381,0
1,3,"2020-03-09","2020-04-18",381,0
3,4,"2020-09-07",NULL,381,0
4,3,"2020-04-18","2020-09-07",381,0
1,3,"2020-03-02",NULL,382,0
100,1,"2020-03-01","2020-03-02",382,0
1,4,"2020-03-02",NULL,383,0
4,5,"2020-03-31",NULL,383,0
5,6,"2020-05-13",NULL,383,0
5,5,"2020-05-13","2020-05-13",383,0
100,1,"2020-03-01","2020-03-02",383,0
1,9,"2020-07-31",NULL,385,1
100,1,"2020-03-03","2020-07-31",385,0
1,3,"2020-03-09","2020-04-18",386,0
4,3,"2020-04-18",NULL,386,0
100,1,"2020-03-06","2020-03-09",386,0
1,3,"2020-06-07",NULL,387,0
100,1,"2020-03-17","2020-06-07",387,0
100,1,"2020-03-17",NULL,388,0
1,4,"2020-05-06",NULL,389,0
100,1,"2020-03-19","2020-05-06",389,0
1,3,"2020-04-07","2020-08-04",390,0
3,4,"2020-08-04",NULL,390,0
4,5,"2020-08-17",NULL,390,0
4,5,"2020-08-17",NULL,390,0
5,5,"2020-08-27",NULL,390,0
5,5,"2020-08-25",NULL,390,0
100,1,"2020-03-21","2020-04-07",390,0
100,1,"2020-03-23",NULL,391,0
1,3,"2020-04-01",NULL,392,0
100,1,"2020-04-01","2020-04-01",392,0
1,9,"2020-04-02","2020-04-02",393,1
7,10,"2020-04-02",NULL,393,0
9,7,"2020-04-02",NULL,393,0
100,1,"2020-04-02","2020-04-02",393,0
1,3,"2020-04-09",NULL,394,0
100,1,"2020-04-06","2020-04-09",394,0
1,9,"2020-04-13","2020-04-13",395,1
7,10,"2020-04-13",NULL,395,0
9,7,"2020-04-13",NULL,395,0
100,1,"2020-04-13","2020-04-13",395,0
1,4,"2020-05-26","2020-06-30",396,0
4,6,"2020-06-30",NULL,396,0
100,1,"2020-04-13","2020-05-26",396,0
1,9,"2020-04-16","2020-04-16",397,1
7,10,"2020-04-16",NULL,397,0
9,7,"2020-04-16",NULL,397,0
100,1,"2020-04-16","2020-04-16",397,0
1,3,"2020-04-18",NULL,398,0
100,1,"2020-04-16","2020-04-18",398,0
1,3,"2020-04-18",NULL,399,0
100,1,"2020-04-17","2020-04-18",399,0
1,3,"2020-05-26",NULL,400,0
100,1,"2020-04-17","2020-05-26",400,0
1,9,"2020-04-29","2020-04-29",401,1
7,10,"2020-04-29",NULL,401,0
9,7,"2020-04-29",NULL,401,0
100,1,"2020-04-21","2020-04-29",401,0
1,3,"2020-09-03",NULL,402,0
100,1,"2020-04-22","2020-09-03",402,0
1,4,"2020-05-26","2020-07-15",403,0
4,6,"2020-07-15",NULL,403,0
100,1,"2020-04-29","2020-05-26",403,0
1,3,"2020-05-05",NULL,404,0
100,1,"2020-05-05","2020-05-05",404,0
1,3,"2020-05-12","2020-05-21",405,0
3,4,"2020-05-21",NULL,405,0
4,5,"2020-05-28",NULL,405,0
5,5,"2020-05-28",NULL,405,0
100,1,"2020-05-08","2020-05-12",405,0
1,3,"2020-05-13","2020-05-25",406,0
4,6,"2020-05-25",NULL,406,0
100,1,"2020-05-11","2020-05-13",406,0
1,3,"2020-06-04",NULL,407,0
100,1,"2020-05-14","2020-06-04",407,0
0,1,"2020-05-22","2020-07-15",408,0
1,3,"2020-07-15",NULL,408,0
1,3,"2020-06-07",NULL,409,0
100,1,"2020-05-23","2020-06-07",409,0
1,3,"2020-06-10",NULL,410,0
100,1,"2020-05-26","2020-06-10",410,0
1,3,"2020-06-10",NULL,411,0
100,1,"2020-05-26","2020-06-10",411,0
1,3,"2020-06-04",NULL,412,0
100,1,"2020-06-02","2020-06-04",412,0
1,3,"2020-07-15",NULL,413,0
100,1,"2020-06-08","2020-07-15",413,0
1,3,"2020-07-30",NULL,414,0
100,1,"2020-06-08","2020-07-30",414,0
1,3,"2020-06-12",NULL,415,0
100,1,"2020-06-09","2020-06-12",415,0
100,1,"2020-06-12",NULL,416,0
1,3,"2020-06-15",NULL,417,0
100,1,"2020-06-15","2020-06-15",417,0
0,1,"2020-07-05",NULL,418,0
1,4,"2020-06-25",NULL,419,0
100,1,"2020-06-25","2020-06-25",419,0
1,3,"2020-07-30",NULL,420,0
100,1,"2020-06-25","2020-07-30",420,0
1,3,"2020-07-21",NULL,421,0
100,1,"2020-07-01","2020-07-21",421,0
1,3,"2020-07-15",NULL,422,0
100,1,"2020-07-03","2020-07-15",422,0
1,3,"2020-07-15",NULL,423,0
100,1,"2020-07-03","2020-07-15",423,0
1,3,"2020-07-15",NULL,424,0
100,1,"2020-07-03","2020-07-15",424,0
1,3,"2020-07-15",NULL,425,0
100,1,"2020-07-03","2020-07-15",425,0
1,3,"2020-07-15",NULL,426,0
100,1,"2020-07-03","2020-07-15",426,0
1,3,"2020-07-15",NULL,427,0
100,1,"2020-07-03","2020-07-15",427,0
1,3,"2020-07-15",NULL,428,0
100,1,"2020-07-03","2020-07-15",428,0
1,3,"2020-07-15",NULL,429,0
100,1,"2020-07-03","2020-07-15",429,0
1,3,"2020-07-15",NULL,430,0
100,1,"2020-07-03","2020-07-15",430,0
1,3,"2020-07-15",NULL,431,0
100,1,"2020-07-03","2020-07-15",431,0
1,3,"2020-07-15",NULL,432,0
100,1,"2020-07-03","2020-07-15",432,0
1,3,"2020-07-15",NULL,433,0
100,1,"2020-07-03","2020-07-15",433,0
1,3,"2020-07-15",NULL,434,0
100,1,"2020-07-03","2020-07-15",434,0
0,1,"2020-07-05","2020-08-17",435,0
1,9,"2020-08-17","2020-09-01",435,1
9,7,"2020-09-01",NULL,435,0
0,1,"2020-07-05",NULL,436,0
1,9,"2020-08-04","2020-08-04",437,1
9,7,"2020-08-04",NULL,437,0
100,1,"2020-07-06","2020-08-04",437,0
1,9,"2020-08-04","2020-08-04",438,1
9,7,"2020-08-04",NULL,438,0
100,1,"2020-07-06","2020-08-04",438,0
1,9,"2020-08-04","2020-08-04",439,1
9,7,"2020-08-04",NULL,439,0
100,1,"2020-07-06","2020-08-04",439,0
1,3,"2020-07-26",NULL,440,0
100,1,"2020-07-07","2020-07-26",440,0
1,9,"2020-08-04","2020-08-04",441,1
9,7,"2020-08-04",NULL,441,0
100,1,"2020-07-07","2020-08-04",441,0
1,3,"2020-07-21",NULL,442,0
100,1,"2020-07-08","2020-07-21",442,0
1,3,"2020-07-08","2020-07-14",443,0
3,4,"2020-07-14",NULL,443,0
4,5,"2020-07-27",NULL,443,0
4,5,"2020-07-27",NULL,443,0
5,5,"2020-08-24",NULL,443,0
100,1,"2020-07-08","2020-07-08",443,0
1,9,"2020-08-04","2020-08-04",444,1
9,7,"2020-08-04",NULL,444,0
100,1,"2020-07-09","2020-08-04",444,0
1,9,"2020-08-04","2020-08-04",445,1
9,7,"2020-08-04",NULL,445,0
100,1,"2020-07-09","2020-08-04",445,0
0,1,"2020-07-09","2020-08-17",446,0
1,9,"2020-08-17",NULL,446,1
0,1,"2020-07-09","2020-07-10",447,0
1,3,"2020-07-10","2020-07-20",447,0
3,4,"2020-07-20",NULL,447,0
4,5,"2020-08-17",NULL,447,0
4,5,"2020-07-27",NULL,447,0
0,1,"2020-07-10","2020-08-04",448,0
1,9,"2020-08-04","2020-08-04",448,1
9,7,"2020-08-04",NULL,448,0
1,9,"2020-08-04","2020-08-04",449,1
9,7,"2020-08-04",NULL,449,0
100,1,"2020-07-10","2020-08-04",449,0
1,9,"2020-08-04","2020-08-04",451,1
9,7,"2020-08-04",NULL,451,0
100,1,"2020-07-10","2020-08-04",451,0
1,9,"2020-08-04","2020-08-04",452,1
9,7,"2020-08-04",NULL,452,0
100,1,"2020-07-10","2020-08-04",452,0
1,4,"2020-08-08",NULL,453,0
100,1,"2020-07-13","2020-08-08",453,0
1,3,"2020-07-22",NULL,454,0
100,1,"2020-07-14","2020-07-22",454,0
1,3,"2020-07-23",NULL,455,0
100,1,"2020-07-14","2020-07-23",455,0
100,1,"2020-07-18",NULL,456,0
1,9,"2020-08-04","2020-08-04",457,1
9,7,"2020-08-04",NULL,457,0
100,1,"2020-07-18","2020-08-04",457,0
0,1,"2020-07-20","2020-08-04",458,0
1,9,"2020-08-04","2020-08-04",458,1
9,7,"2020-08-04",NULL,458,0
100,1,"2020-07-21",NULL,460,0
100,1,"2020-07-22",NULL,461,0
1,3,"2020-08-05",NULL,462,0
100,1,"2020-07-24","2020-08-05",462,0
1,9,"2020-08-05",NULL,463,1
100,1,"2020-07-24","2020-08-05",463,0
1,3,"2020-08-17",NULL,464,0
100,1,"2020-07-28","2020-08-17",464,0
1,9,"2020-08-04","2020-08-04",465,1
7,10,"2020-08-09",NULL,465,0
9,7,"2020-08-04",NULL,465,0
100,1,"2020-07-28","2020-08-04",465,0
100,1,"2020-07-28",NULL,466,0
1,9,"2020-08-17","2020-09-01",467,1
9,7,"2020-09-01",NULL,467,0
100,1,"2020-07-28","2020-08-17",467,0
1,9,"2020-08-20","2020-08-20",468,1
7,10,"2020-08-20",NULL,468,0
9,7,"2020-08-20",NULL,468,0
100,1,"2020-07-29","2020-08-20",468,0
100,1,"2020-07-31",NULL,469,0
0,1,"2020-08-02","2020-08-26",470,0
1,3,"2020-08-26",NULL,470,0
1,3,"2020-08-03",NULL,471,0
100,1,"2020-08-03","2020-08-03",471,0
1,3,"2020-08-03",NULL,472,0
100,1,"2020-08-03","2020-08-03",472,0
1,3,"2020-08-03",NULL,473,0
100,1,"2020-08-03","2020-08-03",473,0
1,3,"2020-08-03",NULL,474,0
100,1,"2020-08-03","2020-08-03",474,0
1,9,"2020-08-07","2020-08-07",475,1
9,7,"2020-08-07",NULL,475,0
100,1,"2020-08-04","2020-08-07",475,0
100,1,"2020-08-04",NULL,476,0
100,1,"2020-08-10",NULL,477,0
100,1,"2020-08-10",NULL,478,0
1,3,"2020-08-20",NULL,479,0
100,1,"2020-08-13","2020-08-20",479,0
100,1,"2020-08-14",NULL,480,0
1,3,"2020-08-17",NULL,481,0
100,1,"2020-08-14","2020-08-17",481,0
100,1,"2020-08-17",NULL,482,0
100,1,"2020-08-19",NULL,483,0
100,1,"2020-08-23",NULL,484,0
1,9,"2020-08-25","2020-08-25",485,1
7,10,"2020-08-25",NULL,485,0
9,7,"2020-08-25",NULL,485,0
100,1,"2020-08-23","2020-08-25",485,0
1,9,"2020-08-25","2020-08-25",486,1
7,10,"2020-08-25",NULL,486,0
9,7,"2020-08-25",NULL,486,0
100,1,"2020-08-23","2020-08-25",486,0
1,3,"2020-09-07",NULL,487,0
100,1,"2020-08-23","2020-09-07",487,0
1,3,"2020-08-24","2020-09-02",488,0
3,4,"2020-09-02",NULL,488,0
100,1,"2020-08-24","2020-08-24",488,0
100,1,"2020-08-27",NULL,489,0
100,1,"2020-08-27",NULL,490,0
100,1,"2020-09-01",NULL,491,0
100,1,"2020-09-02",NULL,492,0
100,1,"2020-09-03",NULL,493,0
100,1,"2020-09-03",NULL,494,0
100,1,"2020-09-07",NULL,495,0
100,1,"2020-09-07",NULL,496,0
100,1,"2020-09-08",NULL,497,0
